"count","url_host_registered_domain"
"2456","inyarwanda.com"
"1441","kigalitoday.com"
"1278","intyoza.com"
"766","umunsi.com"
"733","muhabura.rw"
"623","tebyan.net"
"500","igihe.com"
"376","rwandamagazine.com"
"292","umuseke.rw"
"284","igishushanyo.com"
"205","amakuruki.com"
"187","imvahonshya.co.rw"
"159","teradignews.rw"
"115","wikipedia.org"
"114","igicumbi.com"
"107","gemvision.com"
"83","grandshake.co"
"80","cynnotek.fr"
"73","empresskorea.com"
"67","inductiondeepfryer.com"
"65","incubatoregg.com"
"62","honsenmagnetics.com"
"58","abloy.com"
"58","bathconceptc.com"
"56","asctonerfactory.com"
"53","mfmining.com"
"51","jinsptech.com"
"50","univ-paris1.fr"
"49","chinatoplighting.com"
"48","jw.org"
"48","hualeshower.com"
"47","kglnews.com"
"47","rwiyemeza.com"
"46","irmct.org"
"45","assaabloy.com"
"44","rxtplcd.com"
"41","gtmsmart.com"
"40","jiapucables.com"
"39","cytester.com"
"37","shacmaninternational.com"
"37","catalystxt.com"
"36","discord.com"
"36","shengtuorope.com"
"36","mcc.is"
"34","tianqiaowelding.com"
"34","ninyampinga.com"
"33","bionic.com.cy"
"32","fireflyin.org"
"32","health-medicals.com"
"32","bxfreezer.com"
"31","starketex.com"
"31","oemcospack.com"
"29","sunsumchina.com"
"29","ankecircuit.com"
"28","rushyashya.net"
"27","flowinnglobal.com"
"27","faffilter.com"
"27","diocesecyangugu.com"
"27","pufitplastic.com"
"26","nvchem.net"
"26","topafricanews.com"
"26","denimheavenco.com"
"25","xfmagnets.com"
"25","plastic-cement.com"
"25","shaofuga.com"
"25","hungpaisilane.com"
"24","knsportswear.com"
"24","wallartwpcpvc.com"
"24","fuweitextile.com"
"24","ascendmining.com"
"24","ijwi-islam.org"
"24","bcpockets.com"
"24","diocesekibungo.com"
"23","qhmanufacture.com"
"23","sdssino.com"
"23","diocesegikongoro.com"
"23","kaihuamoulds.com"
"23","hsnonwoven.com"
"22","eagle-chemicals.com"
"21","hhwindowmesh.com"
"21","ievlead.com"
"21","blogspot.com"
"21","seqconsulting.be"
"21","leeton-gym.com"
"20","eco-consciouslife.com"
"20","chemsealant.com"
"20","zjzhurong.com"
"19","ubuvumbuzi.rw"
"19","cdtaviation.com"
"19","lasercontrolcard.com"
"19","churchofjesuschrist.org"
"19","hsmmed.com"
"18","jambonews.net"
"18","psukorea.co.kr"
"18","renacpower.com"
"18","starmatrixpool.com"
"18","enuomold.com"
"18","stard-gears.com"
"18","touchjc.com"
"18","flash.rw"
"18","rayonewheels.com"
"17","gimlanbopaint.com"
"17","eycomheater.com"
"17","derekprince.com"
"17","stampingcomponents.com"
"17","besuperhygiene.com"
"17","xtep.com"
"17","paroissegikondo.com"
"16","wiktionary.org"
"16","smm-panel-rwanda.top"
"16","fpc-switch.com"
"15","ehinga.org"
"15","hi-sprayer.com"
"15","nwtsports.com"
"15","gopod.cc"
"15","mdrwi.org"
"15","theba.cafe"
"15","yqyanmo.com"
"15","dellee.net"
"15","tahirmahmood.com"
"15","rac.store"
"14","joiehardware.com"
"14","edform.com"
"14","mrbretail.com"
"14","rmmanufacture.com"
"14","vanhecon.com"
"13","chinzmachine.com"
"13","aoecn.com"
"13","jufapigment.com"
"13","eliteloader.com"
"13","vid.hr"
"13","ifatima.net"
"12","settleinus.org"
"12","wneracing.com"
"12","fsdcbm.com"
"12","lyherbio.com"
"12","dukuze.com"
"12","giflonvalve.com"
"11","ahtfilters.com"
"11","dsdongsheng.com"
"11","ukuri.org"
"11","latamairlines.com"
"11","junengmachinery.com"
"11","kexuntest.com"
"10","thoyu.com"
"10","isanganiro.org"
"10","kymorakandles.com"
"10","kanda-cl.com"
"10","timeanddate.com"
"10","un383mcm.com"
"10","twryanarchitecture.com"
"10","kwivuza.com"
"10","fangyuantec.com"
"10","inyamibwa.com"
"10","halupackaging.com"
"10","emfordfreezer.com"
"10","oustar-autoparts.com"
"10","goodinternet.org"
"9","malegislature.gov"
"9","rwanda-podium.org"
"9","zjpkg.com"
"9","jpsdental.com"
"9","china-steelpipes.com"
"9","beilonggasket.com"
"9","itetero.rw"
"9","tanisaholistic.com"
"9","yqcapsule.com"
"9","biograph.ru"
"9","katzkandlz.com"
"9","e-coasta.com"
"9","sumvisual.com"
"9","sensmagazine.com"
"8","saifduct.com"
"8","bwiza.com"
"8","dalimining.com"
"8","impanosports.com"
"8","annai.co.kr"
"8","trfnm.com"
"8","karigura.com"
"8","elandgocrafts.com"
"8","xyhwpros.com"
"8","nigute.rw"
"8","fliphtml5.com"
"8","fareastpulpmolding.com"
"8","byoseonline.rw"
"8","93ombr.army"
"8","reba10.com"
"7","mwamba.rw"
"7","nature.az"
"7","testsealabs.com"
"7","jhpim.com"
"7","lovethailand.org"
"7","lidunhydraulic.com"
"7","wistia.net"
"7","beblia.com"
"7","huagoodcn.com"
"7","reb.rw"
"7","osnuoprinter.com"
"7","giantstarscrew.com"
"7","senexsensor.com"
"7","worldradiomap.com"
"7","la.gov"
"7","srisensor.com"
"7","tsundora.com"
"7","vidamoreseasonal.com"
"7","sftrfid.com"
"7","abiscircuits.com"
"7","webdonline.com"
"6","heroesoftimeline.com"
"6","rhs.org.uk"
"6","ibikeride.com"
"6","amateka.net"
"6","irembo.gov.rw"
"6","egocode.eu"
"6","syncozymesnad.com"
"6","tyhjgas.com"
"6","mytuner-radio.com"
"6","seccionamarilla.com.mx"
"6","hadeethenc.com"
"6","neokorea.co"
"6","cxjsmart.com"
"6","owon-pet.com"
"6","vallalar.net"
"6","ubumwe.com"
"6","iyobokamana.rw"
"6","rattibha.com"
"6","niceone-rubber.com"
"6","yezu-akuzwe.org"
"6","hostige.com"
"6","tudexgames.com"
"6","circumeye.gr"
"6","oiradio.co"
"6","igicumbinews.co.rw"
"6","thatsmybackpack.com.au"
"6","ngforging.com"
"6","github.io"
"6","atmppb.com"
"6","burundivoices.org"
"6","isangetech.com"
"5","hyportalcrane.com"
"5","powerpoe.com"
"5","protuneoutdoor.com"
"5","apache.org"
"5","jvbbearings.com"
"5","cm-masks.com"
"5","proudrfid.com"
"5","taplink.cc"
"5","dalynrugs.com"
"5","sustainable-bamboo.com"
"5","bisesero.net"
"5","sherparpa.ru"
"5","islamenc.com"
"5","silicone-wholesale.com"
"5","gamedistribution.com"
"5","aleteia.org"
"5","iremezo.rw"
"5","nvzishibao.com"
"5","ukwezi.com"
"5","yvonnebeaute.com"
"5","swarajyamag.com"
"5","yadvashem.org"
"5","ebible.org"
"5","afriregister.rw"
"5","topgunrange.com"
"5","hino.vn"
"5","btnrwanda.com"
"5","mez.ink"
"5","uwtapes.com"
"5","ninthcollection.com"
"5","hislife.me"
"5","game-gaga.com"
"5","wakatime.com"
"5","publitas.com"
"5","j3s.sh"
"5","jonchan.com"
"4","rcmrd.org"
"4","rig.co.rw"
"4","hdbandage.com"
"4","mimowork.com"
"4","taiyilighting.com"
"4","boschinimiller.com"
"4","chenglanghardware.com"
"4","growook.com"
"4","amazegateae.com"
"4","zillich.com"
"4","asarayan.com"
"4","airpullfilter.com"
"4","xawellauto.com"
"4","cvgvalves.com"
"4","nomadlyrics.com"
"4","villagarzon-putumayo.gov.co"
"4","meschke.org"
"4","kitbath.com"
"4","coppergoddesssoaps.com"
"4","gtbank.co.rw"
"4","rwandatoday.biz"
"4","vibekigali.com"
"4","chi-industrydoor.com"
"4","narod.ru"
"4","tyblackout.com"
"4","infogram.com"
"4","vomitb.in"
"4","cleanacrylic.com"
"4","skrilov.com"
"4","easyprecast.com"
"4","chengaluminum.com"
"4","weebly.com"
"4","choebe.com"
"4","radiohuguka.rw"
"4","roterhusar.org"
"4","uknowdakine.com"
"4","akurosiakamo.de"
"4","kandibykd.com"
"4","jolheiser.com"
"4","lnk.to"
"4","ywceramic.com"
"4","pornomamki.ru"
"4","statistics.gov.rw"
"4","saidaglass.com"
"4","famoussteel.com"
"4","portfairytextiles.com.au"
"4","sinemaiwacu.com"
"4","webrwanda.com"
"4","boyindtg.com"
"4","yaggyroad.com"
"4","youth-power.net"
"4","roseandrye.com"
"4","vnagame.com"
"4","yumpu.com"
"4","aliciaswonderlandshop.com"
"4","cnmyglasses.com"
"4","cabezon.eu"
"4","xichielectric.com"
"4","kermitproject.org"
"3","gl-fiber.com"
"3","sunnydiamondtools.com"
"3","ycsline.com"
"3","sensoryandrye.co.uk"
"3","santaisci.com"
"3","joblab.de"
"3","komoer.com"
"3","vercel.app"
"3","v-landenergy.com"
"3","yegob.rw"
"3","hipromos.com"
"3","chiausdiapers.com"
"3","mlb-korea.com.tw"
"3","yaasoma.de"
"3","bodegasbordino.com"
"3","milanofoto.it"
"3","otorocat.com"
"3","cemsa.es"
"3","tripsandshoot.com"
"3","ltcarmats.com"
"3","noticiasarquitectura.info"
"3","melikeysiliconeteethers.com"
"3","bh-truck.com"
"3","sanhe-robot.com"
"3","fanatiki.com"
"3","snippet.host"
"3","typepad.com"
"3","lz-used-diggers.com"
"3","preply.com"
"3","laplandkorea.com"
"3","xabcbiology.com"
"3","midwestshootingcenter.com"
"3","tongxingbag.com"
"3","orcharmsteel.com"
"3","cafe-buenos-aires.com"
"3","heavye.com"
"3","shanvim.com"
"3","roomsgpt.io"
"3","grebesonline.com"
"3","mikkellerkanda.jp"
"3","axgreenhouse.com"
"3","gloryspp.com"
"3","galeriaazur.art"
"3","costacruzeiros.com"
"3","nectarbotanicals.com.au"
"3","cheeyuenst.com"
"3","matheplusabc.com"
"3","koeochina.com"
"3","maplogs.com"
"3","pspm.com.ar"
"3","realytech.com"
"3","raggieenergy.com"
"3","hometimefactory.com"
"3","guangyucrafts.com"
"3","xinteris.com"
"3","amensolar.com"
"3","unviot.com"
"3","cupricoxide.com"
"3","pixeldrain.com"
"3","ilovepadel.eu"
"3","byunli.com"
"3","lmu.de"
"3","radiosi.com.ar"
"3","threemountains.academy"
"3","tevgerakomunist.com"
"3","minghengtruck.com"
"3","luxin-waterproof.com"
"3","fsxjabrasive.com"
"3","binomoblog.com"
"3","szusbpower.com"
"3","roboter.ru"
"3","jingstartool.com"
"3","dallasbuilds.org"
"3","zx-hydraulic.com"
"3","yuhunghardware.com"
"3","hclmachinery.com"
"3","playcanv.as"
"3","muzagame.ru"
"3","drivelines-parts.com"
"3","umusingi.org"
"3","gukova.ru"
"3","akjp2.ac.id"
"3","cards-machinery.com"
"3","tove-studio.com"
"3","spoutible.com"
"3","designrr.page"
"3","benstein.com"
"3","painting-machine.com"
"3","kigalistore.com"
"3","thewrightcenter.org"
"3","squadwear.com.au"
"3","rapidapi.com"
"3","xzsimulator.com"
"2","impulsehealthtech.com"
"2","orac-server.com"
"2","scrapbox.io"
"2","basepaisajismo.com"
"2","amazonaws.com"
"2","lit.link"
"2","elimex.bg"
"2","folkemord.no"
"2","ramonamckean.com"
"2","proshuicookware.com"
"2","rayonsports.rw"
"2","badok.eus"
"2","norizo.com"
"2","disenprinter.com"
"2","puertorondon-arauca.gov.co"
"2","weiyepackaging.com"
"2","gamemonetize.co"
"2","rixin-autoparts.com"
"2","qualityheavyequipmentpartsforless.com"
"2","alisonartcyanotypes.com"
"2","garbonwpc.com"
"2","compressorcorp.com"
"2","capcut.com"
"2","rpfinkotanyi.rw"
"2","rwanda-npo.org"
"2","shimaimedtech.com"
"2","youzhuchem.com"
"2","riquadro.com"
"2","appjobs.com"
"2","themarksmanindoorrange.com"
"2","gazettes.africa"
"2","groupairfares.co.uk"
"2","telsto-co.com"
"2","flora33.com"
"2","tuobopackaging.com"
"2","sushifusion.ru"
"2","feeltek.net"
"2","inyigisho.com"
"2","wipcool.com"
"2","joozeo.com"
"2","bearcavetreasure.co.uk"
"2","nanjingspare.com"
"2","el-zunzun.com"
"2","clawfort.com"
"2","geniusempire.com"
"2","kandji.io"
"2","halodish.com"
"2","migracioncolombia.gov.co"
"2","classichotelkigali.com"
"2","volki-yolki.ru"
"2","padelist.net"
"2","geek-bear.org"
"2","rangartgallery.com"
"2","hongyanggloves.com"
"2","ogbizi.com"
"2","mmstandingdesk.com"
"2","gasabo.net"
"2","ukpackpackaging.com"
"2","videografia.com"
"2","somastudio.ca"
"2","griscanarquitectura.com"
"2","mceliece.org"
"2","microfanmotor.com"
"2","ec3dao.com"
"2","shenliufood.com"
"2","koolyoungcooler.com"
"2","csznlr.ru"
"2","hopeincn.com"
"2","neocities.org"
"2","kizashidesign.com"
"2","hyderabadisearch.com"
"2","splitsecondsurveys.co.uk"
"2","fujisj.com"
"2","iotlocksolution.com"
"2","hdv-fiber.com"
"2","neurologiainba.com.ar"
"2","apuqi.net"
"2","millerroad.co.nz"
"2","dunedinstampclub.com"
"2","scribblemaps.com"
"2","inkomezi.com"
"2","goodlifegarment.com"
"2","chandlertactical.com"
"2","blizzard.com"
"2","investkorea.org"
"2","homersbuilding.com"
"2","gifie.hu"
"2","forexblogz.com"
"2","sh-alumina.com"
"2","cnshybio.com"
"2","qianrenhetrade.com"
"2","yandex.ru"
"2","papelonmarketcafe.com"
"2","packch.com"
"2","abartfoods.com"
"2","cal.com"
"2","interpeace.org"
"2","voerly.com"
"2","lavibora.com"
"2","ez2cy.com"
"2","techikgroup.com"
"2","gxxblmy.com"
"2","zipenindustry.com"
"2","jingyiaudio.com"
"2","ladushka21.ru"
"2","immuno-test.com"
"2","jycncmachinery.com"
"2","crazygames.ee"
"2","sryled.com"
"2","luxurycyprus.cy"
"2","e-maze.cz"
"2","moocoo.com"
"2","goldenfiberlaser.com"
"2","whmcguns.com"
"2","sinocoalition.com"
"2","orttest.com"
"2","greenfund.rw"
"2","guitarreriabuenosaires.com"
"2","ganlion.com"
"2","binomo.wiki"
"2","wanjunaward.com"
"2","ironcityarsenal.com"
"2","google.com"
"2","twigadesigns.com"
"2","nexivape.com"
"2","joanastyle.cat"
"2","reycreo.com"
"2","oshotalks.com"
"2","sunview-lighting.com"
"2","fleetmunshi.com"
"2","datadrivendetroit.org"
"2","iwf-china.com"
"2","bestcartonmachine.com"
"2","inamura.jp"
"2","haishengmotors.com"
"2","montjalinews.org"
"2","sailorsweekly.com"
"2","somaberlin.art"
"2","bnlllc.com"
"2","nuevocolon-boyaca.gov.co"
"2","gemfind.net"
"2","vaishnavs.sydney"
"2","openeyesfund.com"
"2","flatwarefactory.com"
"2","freeed.com"
"2","hresmeraldaluxor.com"
"2","kapastudio.eu"
"2","yohanartistry.com"
"2","key-healthy.com"
"2","metrowatchonline.com"
"2","radiyoyacuvoa.com"
"2","fuzhoutextile.com"
"2","ibyigisho.xyz"
"2","2140miner.com"
"2","actecopowertrain.com"
"2","pearnkandoladigital.com"
"2","ytfasthydraulic.com"
"2","ourdrcandy.com"
"2","imaginjewelry.com"
"2","lawrenzia.com"
"2","rwandagolfsheroesproject.com"
"2","chinaplayground.com"
"2","spruceandryebakingco.com"
"2","st-guardrail.com"
"2","michelpommez.art"
"2","goinix.com"
"2","greenworldplants.com"
"2","frogbones.com"
"2","sydauto.com"
"2","karemyr.se"
"2","callaflorals.com"
"2","bebegarconclothing.com"
"2","amahoronews.com"
"2","leader-w.com"
"2","cys-code.com"
"2","fulekejiorthopedic.com"
"2","kavaledlight.com"
"2","kwdefense.com"
"2","zhengyikitchenware.com"
"2","wellbbplay.com"
"2","qzcarparts.com"
"2","zeffy.com"
"2","jusmmile.com"
"2","hendshake.com"
"2","clubhouse.ch"
"2","binomoforum.com"
"2","nutsart.shop"
"2","cnkosun.com"
"2","forexblog1.com"
"2","oemstron.com"
"2","longrunobc.com"
"2","madamcenter.com"
"2","jeremykairis.com"
"2","impamba.com"
"2","oxcloth.com"
"2","uppervalleyarmory.com"
"2","zoliaquartz.net"
"2","rsmtarget.com"
"2","millecollinesinfos.com"
"2","bsdrwanda.org"
"2","zooenc.eu"
"2","feiboer.com.cn"
"2","eaglegunrangetx.com"
"2","taijishan-press.com"
"2","eycgenerator.com"
"2","cervezasalhambra.com"
"2","vinylfencemaster.com"
"2","hwnanoparticles.com"
"2","tsxluggage.com"
"2","pulsejetvalve.com"
"2","mfgrapid.com"
"2","noemata.net"
"2","timeneye.com"
"2","cdnburundi.org"
"2","bibleforchildren.org"
"2","activesocialarchitecture.com"
"2","asu.edu"
"2","ingenzinyayo.com"
"2","mingxueled.com"
"2","yunhuaq.com"
"2","huiyualloys.com"
"2","jint.org"
"2","zeallybot.com"
"2","mazopt.ru"
"2","woodlandrye.com"
"2","cepaivalves.com"
"2","congomedika.com"
"2","zlinkage-metal.com"
"2","systemsinnovation.network"
"2","dlailabel.com"
"2","phemexmarkets.com"
"2","allkeysupplies.com"
"2","karguo.ru"
"2","bulletandbarrel.com"
"2","horariodemetro.com"
"2","family-stoks.ru"
"2","mooflife.com"
"2","excellentwheelchairs.com"
"2","mylarbagpackaging.com"
"2","norstrulde.org"
"1","hospitalricaurteese.gov.co"
"1","zibber.eu"
"1","tdcerhverv.dk"
"1","youpic.com"
"1","merrative.com"
"1","sunnalsolar.com"
"1","alphauniverse.com"
"1","mintechcnc.com"
"1","smarcamp.com"
"1","cake-board.com"
"1","mutaiele.com"
"1","active-underwear.com"
"1","rmtcnet.com"
"1","fotoplayboy.ru"
"1","oocities.org"
"1","sostapi.com"
"1","frameweb.com"
"1","rioiro-choco.gov.co"
"1","tiankon.com"
"1","thepileaplantshop.com"
"1","islamcenter.ru"
"1","crave-to-go.com"
"1","fortdog.ru"
"1","xlin-smt.com"
"1","winner.rw"
"1","netkarma.ca"
"1","olymptradeplus.com"
"1","deds.nl"
"1","checkrego.com.au"
"1","radyo-dinle.tc"
"1","algeriapromotion.com"
"1","borabora.ooo"
"1","rockylinux.org"
"1","cnlanbaosensor.com"
"1","toyscapable.com"
"1","atspace.org"
"1","speakthaieasy.com"
"1","wxskyline.com"
"1","matthewtwhuang.com"
"1","onyxfrance.com"
"1","packagingch.com"
"1","deboracrichton.com"
"1","brightwingroup2.com"
"1","faemakorea.com"
"1","casmsslm.com"
"1","rfpi.ru"
"1","gameza-boyaca.gov.co"
"1","amzwires.com"
"1","canadacanada.com"
"1","flysunsteel.com"
"1","harvestgallery.co"
"1","ht-gear.com"
"1","meikomagnets.com"
"1","divmagic.com"
"1","grace-and-truth.net"
"1","fulushou.com.au"
"1","ibireme.com"
"1","metoorwanda.org"
"1","kandidataasia.com"
"1","jxsolarlight.com"
"1","iqsent.com"
"1","ecowizer.com"
"1","tsbelle.it"
"1","hxhdchemical.com"
"1","geom.io"
"1","sunkenmaze.com"
"1","rgsteelfactory.com"
"1","nbwelldon.com"
"1","texasundergroundarmory.com"
"1","justbook.bg"
"1","bartbenschop.info"
"1","copierhonhaitech.com"
"1","everpress.com"
"1","jocentools.com"
"1","leadaindustry.com"
"1","kandlehut.com"
"1","arikoinaoka.com"
"1","remont-kvartir-v-moskve.ru"
"1","new-energycar.com"
"1","vedede.com"
"1","szzdmould.com"
"1","orea.co.il"
"1","gmcmagnet.com"
"1","trtworld.com"
"1","uspeoplesearch.com"
"1","taptapking.com"
"1","mumonarch-sea.com"
"1","viewsheen.com"
"1","szdsolarpower.com"
"1","miraclesofjoy.net"
"1","gorillasafarirwanda.net"
"1","wapeedee.com"
"1","xaocz.ru"
"1","jintaicarbide.com"
"1","sysrev.com"
"1","wildleprechaun.com"
"1","unam.mx"
"1","ryne.jp"
"1","lmflymesh.com"
"1","pncables.com"
"1","sdhuayisteel.com"
"1","wifagena.com"
"1","reachmachinery.com"
"1","schanur.net"
"1","samcoagrisales.ie"
"1","dancewearchina.com"
"1","ariba-spb.ru"
"1","mazenyc.com"
"1","dandyanddill.com"
"1","cnakorea.net"
"1","binariums.com"
"1","fareala.com"
"1","imazongeo.org.br"
"1","voorsavethechildren.nl"
"1","extradingclub.com"
"1","denpa.org"
"1","atotowi.se"
"1","capsadtkorea.net"
"1","habama.co.il"
"1","sysprofile.de"
"1","bikare.net"
"1","emilgrenier.com"
"1","hebeiyida.com"
"1","slocable.com.cn"
"1","aitgzb.ac.in"
"1","minjcode.com"
"1","endofevolution.com"
"1","shopthegalleryrange.com"
"1","kolosovkacbs.ru"
"1","fordsierranet.com.ar"
"1","jinlaichemical.com"
"1","medigaplife.com"
"1","acmeprobesystem.com"
"1","onplaneacademy.com"
"1","olymptradez.com"
"1","thegenesishub.com"
"1","costacroisieres.fr"
"1","infobaza.com.ua"
"1","naviforce.com"
"1","freedesktop.org"
"1","hondakorea.com"
"1","elvino.ru"
"1","tjcarrel.com"
"1","cucunuba-cundinamarca.gov.co"
"1","goallocktech.com"
"1","xvideos-porn.win"
"1","kingrf.com"
"1","see.cam"
"1","abbvievitality.com"
"1","nextdayhotels.com"
"1","rakabose.com"
"1","minghetrader.com"
"1","krovpro.ru"
"1","nbtindia.gov.in"
"1","coloridoprinting.com"
"1","bw-limburg.de"
"1","apmtwiremesh.com"
"1","kinginglass.com"
"1","sawastarter.com"
"1","miziro.ru"
"1","kandersen.com"
"1","gtexchanges.com"
"1","rongxutextile.com"
"1","survivaltrail.com"
"1","oridur.com"
"1","kandypens.com"
"1","potradingoption.com"
"1","huameilaser.com"
"1","application-datasheet.com"
"1","terringerfarm.com"
"1","kennyread.dev"
"1","pfranck62.ovh"
"1","buk.io"
"1","streamlink.to"
"1","paidusolar.com"
"1","wortschatz-leipzig.de"
"1","hweicable.com"
"1","richpcba.com"
"1","hdkexpress.com"
"1","autoxeps.com"
"1","zingersandflingers.com"
"1","rajiv4malaysia.com"
"1","simge.com.tr"
"1","candilkandil.com"
"1","paulirish.com"
"1","runlongfragrance.com"
"1","triathlon.org"
"1","24score.com"
"1","haasbelts.com"
"1","gophoto.pro"
"1","topfeelbeauty.com"
"1","yingzemachinery.com"
"1","arklatxguns.com"
"1","postgaze.com"
"1","dmn-pops.com"
"1","marylisejozan.com"
"1","sapfirex.com"
"1","bertrandvivien.com"
"1","floorplanner.com"
"1","habyarimana.net"
"1","3racing.shop"
"1","exiemad.com"
"1","kondacbamboo.com"
"1","berlitz.com"
"1","humbertorobles.com"
"1","cyeahvape.com"
"1","yohana.gr"
"1","stackshare.io"
"1","enchate.com"
"1","myrobotsolution.com"
"1","pulsevodka.com"
"1","anersing.com"
"1","na2-factory.com"
"1","sayrosur.es"
"1","hanmoswitch.com"
"1","dougbenson.com"
"1","privatetours.com.ar"
"1","zhjmdiecast.com"
"1","platosolution.com"
"1","agustinashermanasdelamparo.com"
"1","fine-additive.com"
"1","cosmeticagitator.com"
"1","hekima.ac.ke"
"1","igiciro.com"
"1","volksnav.de"
"1","mediaini.com"
"1","ikigai.net"
"1","gvd-firmenportal.de"
"1","ekeneabana.com"
"1","ewabeachgc.com"
"1","boreasdia.com"
"1","dashuostapler.com"
"1","mobincube.mobi"
"1","onedocoffee.com"
"1","mountabuschool.com"
"1","quotesby.net"
"1","unusualwhales.com"
"1","rainbaounderwear.com"
"1","kastar-adhesive.com"
"1","ssgteck.com"
"1","peradaban.ac.id"
"1","webbpool.com"
"1","lanfier-magnet.com"
"1","chigorodo-antioquia.gov.co"
"1","buenosairesbus.com"
"1","health-barn.com"
"1","nizwer.com"
"1","newsbatch.com"
"1","kannari.work"
"1","hanze.nl"
"1","tsont.com"
"1","eurocutex.com"
"1","goeshard.org"
"1","dunaopc.com"
"1","topdrillkorea.com"
"1","allenstreetroasters.com"
"1","chantalg.com"
"1","ubytestequipment.com"
"1","youpin-fastener.com"
"1","bury.pink"
"1","take.app"
"1","zhpilot.com"
"1","oakdoertex.com"
"1","xxjxpart.com"
"1","ovenheaven.fr"
"1","myinbody.com"
"1","ourcard.com.br"
"1","bnlflor.com"
"1","mindrfid.com"
"1","ryosato.website"
"1","youlikegiftcraft.com"
"1","gospeltabernacle.ws"
"1","snack-migiwa.com"
"1","prithu.dev"
"1","antiquebookshop.com.au"
"1","fsdalle.com"
"1","instarevuze.ai"
"1","ereality.ru"
"1","qzgaba.cn"
"1","thesuzukiguide.com"
"1","arcgis.com"
"1","syamchem.com"
"1","abarsamane.com"
"1","hob-gods.no"
"1","jltapchanger.com"
"1","sg-lauscha.de"
"1","nkuringocampsite.com"
"1","gatolegalcoffee.com"
"1","acscricket.com"
"1","xhautoaccessory.com"
"1","pcloud.link"
"1","noneart.com"
"1","patrickguedj.com"
"1","atingi.org"
"1","supernote.tw"
"1","tranekorea.com"
"1","101lasttribes.com"
"1","riastatic.com"
"1","mirrorservice.org"
"1","marketmaking.pro"
"1","cbussmallbizhub.com"
"1","legacyamerica.com"
"1","firma-alesya.ru"
"1","tomballpawn.com"
"1","tvseba.us"
"1","minecofin.gov.rw"
"1","prentus.co"
"1","cndd-burundi.com"
"1","biofaces.com"
"1","xxxroll.com"
"1","admiralbet.ug"
"1","wenzhoubluedolphin.com"
"1","clothinglists.com"
"1","munibuenosaires.go.cr"
"1","bsse.tw"
"1","tagmedia.co.uk"
"1","farmwella.com"
"1","jockeyclub.com.ar"
"1","qinshanshi.com"
"1","apolomed.com"
"1","megalandflooring.com"
"1","luxotent.com"
"1","abarth.com"
"1","bensuite.com"
"1","mayfairinsurance.africa"
"1","heroicspins.com"
"1","cupcakepgh.com"
"1","en-cysmt.com"
"1","startgrowupstate.com"
"1","bfkorean.com"
"1","gandamed.com"
"1","becahouse.com"
"1","deboranunesferrer.com"
"1","rahmhausicecream.com"
"1","kaltura.com"
"1","quanpinmachine.com"
"1","vesmoimir.ru"
"1","chinacampusnetwork.cn"
"1","glitch.com"
"1","yuchengmachine.com"
"1","ramrodreviews.com"
"1","ttwarm.com"
"1","iranheadhunt.com"
"1","binomo.plus"
"1","ridewithgps.com"
"1","corammaterial.com"
"1","psimberakuri-rwanda.rw"
"1","hongchengmill.com"
"1","choreoadvisors.com"
"1","cye.org.uk"
"1","tqcp.net"
"1","1xbetrwanda.com"
"1","koala.sk"
"1","wearatouchofspirit.com"
"1","charlierose.com"
"1","itahoists.com"
"1","pujuye.com"
"1","allensfarmmarket.com"
"1","centrecountybar.org"
"1","afrofire.com"
"1","chuanbokeji.com"
"1","rodbolpack.com"
"1","volgograd-autostore.ru"
"1","koumudi.net"
"1","zsvangood.com"
"1","uwaterloo.ca"
"1","sapuro.de"
"1","belmontgarage.com"
"1","stoichkov8.com"
"1","thefiletree.com"
"1","kuon.tokyo"
"1","joinstar.com"
"1","biglobe.ne.jp"
"1","kagari.online"
"1","opthvlsfans.com"
"1","gorigogo.com"
"1","zohobackstage.in"
"1","wedgecheesery.com"
"1","tsfilter.com"
"1","springfurnitures.com"
"1","romagsa.com"
"1","femnet.org"
"1","cinema-company.ru"
"1","kandathomson.com"
"1","morenobuenosaires.com"
"1","rnai.jp"
"1","winwinzj.com"
"1","portillahg.com"
"1","ryaf.rw"
"1","artisanlavinia.com"
"1","currynhurry.com.sa"
"1","plyomaster.com"
"1","bookdealer.org"
"1","listen-tokyo.com"
"1","sanowax.com"
"1","h3rald.com"
"1","americafidelis.com"
"1","artype.de"
"1","niprohengelsport.nl"
"1","alarm-rwanda.org"
"1","cloudfront.net"
"1","scottfrio.com"
"1","adtcapskorea.com"
"1","textile-chem.com"
"1","fcyhydraulics.com"
"1","wanderingspirits.ca"
"1","world-wide-web-servers.com"
"1","herotechchiller.com"
"1","plagiarism-detector.com"
"1","wpwakanda.com"
"1","peopleandmemories.org"
"1","chrisstoffer.com"
"1","arrobba.com.mx"
"1","chaoscrew2.com"
"1","kishinotakagishi.com"
"1","univpancasila.ac.id"
"1","taichuansmart.com"
"1","iechocutter.com"
"1","ganza.events"
"1","betwinner-rw.com"
"1","typebot.io"
"1","muji.com"
"1","yhwheel-chair.com"
"1","kedunbiotech.com"
"1","zerkalo-fastpay-kazino.best"
"1","gaminigems.com"
"1","msf.org.tw"
"1","ukwezi.rw"
"1","tsaritsynpride.ru"
"1","uni-leipzig.de"
"1","michikusa.jp"
"1","made-classic.com"
"1","sports-junction.com"
"1","centralrecords.co.nz"
"1","ahabona.com"
"1","shsteelscm.com"
"1","vincci.app"
"1","youtube.com"
"1","letriton.com"
"1","borges.ninja"
"1","telefonica.net"
"1","bia.lighting"
"1","bondenterpriselanguageservices.com"
"1","alpharadio.cy"
"1","iqtradingblog.com"
"1","siserv.de"
"1","chipbom.tw"
"1","dralejandrosoliskuri.com"
"1","alpinelinux.org"
"1","iqtradings.com"
"1","inliberty.ru"
"1","lucidroasters.club"
"1","hebeiequipment.com"
"1","grahamwitt.com"
"1","nvvh.rw"
"1","mmprotrust.com"
"1","quinchia-risaralda.gov.co"
"1","figurabureau.ru"
"1","pacifico-oficina.com"
"1","udpr-rwanda.rw"
"1","ellenrohr.com"
"1","aipetpal.store"
"1","inner10range.com"
"1","diaperyofoke.com"
"1","analizturkiye.com"
"1","kwinbonbio.com"
"1","fxfeed.io"
"1","lehangfiber.com"
"1","gremountint.com"
"1","josemeza.com"
"1","myatsgarage.com"
"1","alikandy.com"
"1","topwillwelder.com"
"1","gonengoled.com"
"1","hfsonline.com.au"
"1","fiat.com.ar"
"1","sh-outex.com"
"1","lituotesting.com"
"1","dessellesfirearms.com"
"1","35r.ru"
"1","jonathankwik.com"
"1","bottles-packaging.com"
"1","deboraelgeholm.com"
"1","meritas.org"
"1","way2enjoy.com"
"1","gzxrtp.com"
"1","ocoutdoorsonline.com"
"1","bitastiq.nl"
"1","galion-tours.ru"
"1","arquivodosmundiais.com.br"
"1","sxrfoamboard.com"
"1","yxdcamera.com"
"1","ibuycon.com"
"1","tasteatlas.com"
"1","medigauze.com"
"1","diyc.org"
"1","southernboysoutdoorstore.com"
"1","ccic-fct.com"
"1","digitalmzx.com"
"1","thedrillstore.com"
"1","amakurumashya.rw"
"1","maneko.cl"
"1","pepdoo-peptide.com"
"1","chinaweipeng.com"
"1","kimws.com"
"1","pearltracuganda.com"
"1","cnsolarpanel.com"
"1","micssonvapes.com"
"1","kolesoplus.by"
"1","inzira.rw"
"1","jingxis.com"
"1","scheels.com"
"1","kandicecakes.com"
"1","glyf.app"
"1","jdtelectron.com"
"1","esthousing.com"
"1","ankoreanstore.com"
"1","textopian.com"
"1","exlyapp.com"
"1","doujinshi.rocks"
"1","expertoptionblog.com"
"1","frivls.com"
"1","cssinfo.net"
"1","benchmarkbreads.com"
"1","babykorea.tw"
"1","pulaski-deli.com"
"1","teacherspermutation.org.rw"
"1","binaryoptionsz.com"
"1","ishopchangi.com"
"1","rtil7a0ge8mp.com"
"1","poltekkesgorontalo.ac.id"
"1","longzhanshi.com"
"1","yasalcanlibahissiteleri.com"
"1","yuanxiang-rubber.com"
"1","jl-htm.com"
"1","fanlink.tv"
"1","gitell.com"
"1","zseonshine.com"
"1","develop.at"
"1","xinghuisport.com"
"1","umw-ic.com"
"1","tolnpaint.com"
"1","unet.com"
"1","slgearmotor.com"
"1","ehongsteel.com"
"1","istrategize.mx"
"1","sicash.network"
"1","ghkrfc.com"
"1","qeebookorea.com"
"1","agasaro.com"
"1","soma-arc.net"
"1","bitmexblog.com"
"1","apexshootingcenter.com"
"1","mosaiquefm.net"
"1","imaze.de"
"1","ovnstech.com"
"1","highlandmoss.com"
"1","uniquelina.com"
"1","dabund.com"
"1","butternsoapco.ca"
"1","quizalize.com"
"1","paperdazed.com.au"
"1","infoq.cn"
"1","hrw.org"
"1","houseinbaires.com"
"1","mundoligue.com"
"1","shirogb.com"
"1","dingzuncable.com"
"1","of.tv"
"1","wotintarnation.com"
"1","harpersferryarmory.com"
"1","binaritrader.com"
"1","zhongxinlighting.com"
"1","air-equipment-china.com"
"1","nari104.net"
"1","debkoo.com"
"1","mcytech.com"
"1","sitehoover.com"
"1","domcode.co"
"1","zrnpak.com"
"1","besteflon.com"
"1","americantrailhead.com"
"1","brandname.style"
"1","nhcp.gov.ph"
"1","actiongasdetector.com"
"1","e-logize.com"
"1","test.org.tw"
"1","goodeng.com"
"1","msheetmetalservice.com"
"1","kebabnation.xyz"
"1","tiptravel.sk"
"1","zlpacking.com"
"1","aviatortipstricks.com"
"1","lyvecity.com"
"1","beyondafrica.ch"
"1","krscalsil.com"
"1","opexflow.com"
"1","fastandfrenchexpress.com"
"1","ingyenszextv.hu"
"1","mkvisual.com"
"1","hinocr.com"
"1","agnim.com"
"1","esetuliadurandeborrero.gov.co"
"1","junbond.com"
"1","virtualsabbatical.com"
"1","ssiecn.com"
"1","opensuse.org"
"1","rigatogarage.com"
"1","jdymasterbatch.com"
"1","icantw.com"
"1","hongxinheaters.com"
"1","douglasrye.com"
"1","caritasrwanda.org"
"1","jrplas.com"
"1","countrycoordinate.com"
"1","believersnewsletter.org"
"1","odysee.com"
"1","sparcshower.com"
"1","cyanoomics.cn"
"1","mingq.com.hk"
"1","kominfo.go.id"
"1","telescope.ac"
"1","clikclikbang.com"
"1","vuzix.com"
"1","mskcnctools.com"
"1","cyamunara.gov.rw"
"1","wimbornecoffeeroasters.co.uk"
"1","pricelabs.co"
"1","radiotv10.rw"
"1","kasonmotor.com"
"1","presenterly.com"
"1","pettopiakc.com"
"1","stackblitz.com"
"1","kimtonhouse.com"
"1","esehospitalsanjosesamana.gov.co"
"1","coeichem.com"
"1","datashake.fr"
"1","landedinzurich.ch"
"1","zsweixinmachinery.com"
"1","mediabcm008.com"
"1","muji.tw"
"1","blackpress.tv"
"1","comprasjc.com"
"1","hongkepvcvalve.com"
"1","zigizi.net"
"1","jessheartzart.com"
"1","ourairports.com"
"1","dgzccl.com"
"1","bsl-battery.com"
"1","lineyear.com"
"1","condoto-choco.gov.co"
"1","dbrians.com"
"1","esesanantonio.gov.co"
"1","bpp.rs"
"1","tapheartrate.com"
"1","sherosokhan.net"
"1","ftakorea.co.kr"
"1","aidiesin.com"
"1","hanzebox.com"
"1","utoronto.ca"
"1","dongshuofastener.com"
"1","e-drive.com.ua"
"1","loadlockchina.com"
"1","imwenkai.com"
"1","haroldraitt.com"
"1","ubud4drtp.com"
"1","pravda.sk"
"1","yout-ube.com"
"1","azkurs.org"
"1","urabout2b.com"
"1","amasaha.com"
"1","sy-ledlighting.com"
"1","bionovalab.com"
"1","veekasmeansprogress.com"
"1","furore-verlag.de"
"1","naderwater.com"
"1","pwscarmory.com"
"1","shoppingconyohana.com"
"1","unhcr.org"
"1","tnspb.ru"
"1","topmorchella.com"
"1","kosherchallah.com"
"1","rfo.rw"
"1","isometrycss.com"
"1","jzleduv.com"
"1","fundacionavon.org.ar"
"1","ps11collective.org"
"1","aladdinst.com"
"1","streetviewmaps.city"
"1","padlet.com"
"1","stsharemay.com"
"1","indatwa.org"
"1","oxgut.com"
"1","c55.space"
"1","madein-sz.com"
"1","yuchomachine.com"
"1","innogs.com"
"1","melitabuy.com"
"1","aupocare.com"
"1","lateenfurniture.com"
"1","xtradingfx.com"
"1","mugira.de"
"1","teamnta.com"
"1","lituo-plywood.com"
"1","onebuilding.org"
"1","cuitiva-boyaca.gov.co"
"1","isuru.info"
"1","haitianlanterns.com"
"1","band.us"
"1","yeskandu.com"
"1","iyunaitextile.com"
"1","gutendata.com"
"1","mberk.de"
"1","oyaslinen.com"
"1","craneyq.com"
"1","sarmadmagazine.com"
"1","oscillatecoffee.com"
"1","xuyidalight.com"
"1","lumengfurniture.com"
"1","cbsglassmachine.com"
"1","eeeff.com"
"1","alertvin.com"
"1","googleapis.com"
"1","star-bearings.com"
"1","kitsuneart.net"
"1","varunmultimedia.biz"
"1","villathongbura.com"
"1","usabilitypost.com"
"1","aviationaluminum.com"
"1","kora-music.com"
"1","ctan.org"
"1","webflow.io"
"1","caramellaapp.com"
"1","maripatxu.es"
"1","neuroalmanac.ru"
"1","huidirobot.com"
"1","sunwillcasting.com"
"1","arota.ca"
"1","olymptradenews.com"
"1","sanjingchemglass.com"
"1","gwpvc.com"
"1","bitbrowser.cn"
"1","sound-virtual.ru"
"1","migaraje.app"
"1","zaiko.io"
"1","isabelrugerio.com"
"1","abaraxka.com"
"1","zenithurbanlight.com"
"1","flipbuilder.com"
"1","marketjs.com"
"1","tape.xyz"
"1","ft-china.com"
"1","raymondyeung.com"
"1","twibbonize.com"
"1","dongfang-insulation.com"
"1","hzsoar.com"
"1","jdya-art.com"
"1","bosipack.com"
"1","oratlas.com"
"1","glasslewis.com"
"1","jthemes.net"
"1","shenyingroup.com"
"1","glassbottleware.com"
"1","hcx-machinery.com"
"1","chinayoufa.com"
"1","stie-yai.ac.id"
"1","crustandcompany.com"
"1","inezafoundation.org"
"1","tona-santander.gov.co"
"1","xn--oy2b25sm9bh5k8pe.com"
"1","lamamacompra.com"
"1","dunnsgunshop.com"
"1","hancel.org"
"1","stan.store"
"1","cuevana3.nu"
"1","bestdrycabinet.com"
"1","miramundomusica.com"
"1","akanyaburunga.org"
"1","vensanea.com"
"1","littlefred.de"
"1","o-cranes.ru"
"1","bestflowfitting.com"
"1","maze-iacademy.ph"
"1","jikeplywoods.com"
"1","jypetclub.com"
"1","mave.digital"
"1","handofmidastwo.com"
"1","minewingems.com"
"1","telegra.ph"
"1","shoptexasgunexperience.com"
"1","kivu-methane-extraction.com"
"1","chinashinyfly.com"
"1","ubu.ac.th"
"1","spartanindustriesusa.com"
"1","expertoptionclub.com"
"1","fimodecor.com"
"1","hetfaireoosten.nl"
"1","brickamaze.com"
"1","anghami.com"
"1","tianhemachinery.com"
"1","firstforkids.net"
"1","easthamcafe.com"
"1","rainbow-inkjet.com"
"1","gridwalk.net"
"1","pinmotor.net"
"1","livechat.su"
"1","surfmusik.de"
"1","soukoreff.com"
"1","imyai.top"
"1","sound-ai.com"
"1","askquda.com"
"1","graziadio.it"
"1","foreverliving.com"
"1","sampmax.com"
"1","yigaotools.com"
"1","rever.co"
"1","v-r.gallery"
"1","averynft.com"
"1","dollekamp.com"
"1","undip.ac.id"
"1","birthcontroldiscount.com"
"1","datasheetcatalog.com"
"1","gdchampack.com"
"1","aplus-limo.com"
"1","promgirl.com"
"1","zizatur.com.br"
"1","aquatropics.ca"
"1","canberramarine.com"
"1","umwin.com"
"1","logosdictionary.org"
"1","villanueva-casanare.gov.co"
"1","tino.org"
"1","betravel.de"
"1","cy.co.kr"
"1","jwplatform.com"
"1","hanshilifestyle.com"
"1","wistia.com"
"1","mingyan.tw"
"1","ace-biomedical.com"
"1","boxy-svg.com"
"1","fundacion-tomate-ac.com"
"1","bondleds.com"
"1","cognitoforms.com"
"1","amoridealbuenosaires.com"
"1","longmyev.com"
"1","kobutsune.com"
"1","xyaluminumwindow.com"
"1","sidantevalve.com"
"1","seeandsmile.com"
"1","sportisimo.bg"
"1","firstview.us"
"1","kigalihit.rw"
"1","zoro-car.com"
"1","yihui-press.com"
"1","jalifinance.com"
"1","elscopevision.com"
"1","wpt.live"
"1","kandupastry.com"
"1","comptoirmaya.com"
"1","atlantisqueen.com"
"1","sclcplastic.com"
"1","muradmolina.com.ar"
"1","browne.cl"
"1","displayss.com"
"1","inkawisdom.org"
"1","kellyshomecenter.com"
"1","beijinghomilaser.com"
"1","dcechetto.com.br"
"1","cantoisel.com"
"1","linrytactical.com"
"1","sevenrooms.com"
"1","cdpn.io"
"1","kaistaats.com"
"1","vithyfiltration.com"
"1","crazyurus.com"
"1","grindr.com"
"1","tanneteasyreg.com"
"1","hualimachinery.com"
"1","springgunsandammo.com"
"1","probikegarage.com"
"1","icooh.com"
"1","e-sellersuppliermu.com"
"1","drsomaent.com"
"1","topfeelpack.com"
"1","tnftexas.com"
"1","macamaze.com"
"1","teamcarcafe.com"
"1","sanonpipe.com"
"1","chillnn.com"
"1","classical-music.com"
"1","mko-photography.com"
"1","ese-paramo-santander.gov.co"
"1","hthiglobal.com"
"1","rti.org"
"1","newaluchina.com"
"1","aierfuke.com"
"1","chikokorea.co.kr"
"1","sitzonechair.com"
"1","stella-cooker.com"
"1","luup.com.au"
"1","ironhawkfitness.com"
"1","sincoherenaesthetics.com"
"1","usf.edu"
"1","evo-energie.de"
"1","marketext.net"
"1","assot.co.uk"
"1","fishingtackle.com.hk"
"1","sinabeacon.com"
"1","blogs.com"
"1","belenistas.org"
"1","myinject.eu"
"1","zhongtaidoors.com"
"1","yarnyenta.com"
"1","noa.im"
"1","artmilitonian.com"
"1","bizzyboi.com"
"1","dtgplasticmolding.com"
"1","uuelco.me"
"1","bmikerobyummicorn.com"
"1","lastone-cn.com"
"1","hoohawiremachine.com"
"1","kibrispdr.org"
"1","waveculture.de"
"1","lakhwara.com"
"1","rashaad.net"
"1","zgkaierda.com"
"1","boyuemetalco.com"
"1","kuri-botella.com"
"1","parrotart.io"
"1","choysundoa.com"
"1","shoprely.com"
"1","myindiashop.in"
"1","conocebuenosaires.com.ar"
"1","tinydobbins.com"
"1","nl-dev.ru"
"1","kandidekreations.com"
"1","myblo.jp"
"1","tertuulia.com"
"1","microlabscientific.com"
"1","uriuwoagaciro.com"
"1","liperlighting.com"
"1","wintrustek.com"
"1","ikigai-plan.com"
"1","chinagearreducer.com"
"1","fotka.com"
"1","parkerfirearms.com"
"1","electronic-shelf.com"
"1","maratondebuenosaires.com"
"1","ctflourmill.com"
"1","kubikfoto.com"
"1","flyordie.com"
"1","mudinyereye.com"
"1","edinguas.com"
"1","checkmot.com"
"1","maliotech.com"
"1","baumvision.com"
"1","pizza-auto.com"
"1","wenchangcable.com"
"1","translate.how"
"1","bohomoon.com"
"1","savevid.cc"
"1","binomotradings.com"
"1","ahuparadio.com"
"1","chimia.ch"
"1","silverbackgunsandammo.com"
"1","anrutrans.com"
"1","kseidon.com"
"1","klassakonnection.com"
"1","namesdir.com"
"1","guncoyote.com"
"1","timshomepage.net"
"1","billetweb.fr"
"1","bergkarosserifabrikk.no"
"1","jinyoindustry.com"
"1","primaverasound.com"
"1","lagucafe.com"
"1","happycheerme.com"
"1","deliany.co"
"1","bacrc.com"
"1","nihoniba.com"
"1","dominiquembonyumutwa.info"
"1","northwoodsgunsmithing.com"
"1","kandoocrowd.com"
"1","newclears.com"
"1","ini-hydraulic.com"
"1","pyrus.com"
"1","mingshiplastic.com"
"1","tryb.cc"
"1","puchero.com.ar"
"1","customguitarra.com"
"1","kandooz.studio"
"1","joydance.pl"
"1","aoswald.de"
"1","kandkeyewear.com"
"1","woodfoodbox.com"
"1","findcarmirror.com"
"1","jinpeng-global.com"
"1","myaknroy.com"
"1","acrel-electric.co.za"
"1","bravexlocks.com"
"1","dawnfashions.com"
"1","hekangfan.com"
"1","sdnates.com"
"1","iwacusoft.com"
"1","leginesgroup.com"
"1","akadomo.rw"
"1","andrewsculpture.com"
"1","jmu.edu"
"1","ringcentral.com"
"1","artizote.com"
"1","ofis316.com"
"1","oakled.com"
"1","freezedrycoffee.com"
"1","accord.dk"
"1","eastmatecarbon.com"
"1","bubzteaartz.com"
"1","rwa-scan.com"
"1","cndfdmotor.com"
"1","kandinskyclinic.com"
"1","bnsilver.com"
"1","radion.co.il"
"1","lunasdc.com"
"1","rw.rs"
"1","gdjindee.com"
"1","yafamode.nl"
"1","famosheatsink.com"
"1","norliving.dk"
"1","kandooerp.org"
"1","blockheadshop.com"
"1","hashemoto.com"
"1","ldkchina.com"
"1","umuturage.gov.rw"
"1","satoriafrica.co.za"
"1","iitech.rw"
"1","belashedbeautybar.com"
"1","spang-shop.de"
"1","qingchangindustrial.com"
"1","tomjanssen.net"
"1","cricketscotland.com"
"1","brianbuchard.com"
"1","mycbdhub.com"
"1","zanqiangarments.com"
"1","topinfo.rw"
"1","auroramud.com"
"1","j-cook.pro"
"1","wylifting.com"
"1","chenyuzj.top"
"1","radianterecreio.net"
"1","interbet.co.za"
"1","umwin0.com"
"1","gramarajya.online"
"1","kandyland.io"
"1","unsub.ac.id"
"1","newcovenant.online"
"1","flippingbook.com"
"1","htxchem.com"
"1","mass.gov"
"1","vbavto.ua"
"1","tims-swans-island.com"
"1","rra.gov.rw"
"1","poyoko.co.uk"
"1","hifashub.com"
"1","nterusa.com"
"1","gm-tracking.com"
"1","birdingdirect.com"
"1","gmcellgroup.com"
"1","tlbiotech.com"
"1","bullcityarmory.com"
"1","linkaman.id"
"1","future-pets.com"
"1","keenovus.com"
"1","olymptradetrading.com"
"1","boidu.dev"
"1","zhuohangcnc.com"
"1","xalaska.com"
"1","ultimate-guitar.com"
"1","elv1s.ru"
"1","on24.com"
"1","soberclubsrwanda.com"
"1","weisseco.com"
"1","mickersanitary.com"
"1","touchdisplays-tech.com"
"1","gocelterminal.com"
"1","changshuokj.com"
"1","coffeetonyaph.com"
"1","burundukova.ru"
"1","hjr-bearing.com"
"1","vitaunlimited.store"
"1","ikigaihub.org"
"1","ryosushi.com"
"1","ilp.org"
"1","mootoroebike.com"
"1","expan.pro"
"1","iqtradingclub.com"
"1","chayobm.com"
"1","fz-bison.com"
"1","6452a.com"
"1","faure.nl"
"1","unblockedgames76.info"
"1","rektest.com"
"1","huyssenpower.com"
"1","micononet.com"
"1","gudepackage.com"
"1","africavacationguide.com"
"1","gites4u.com"
"1","biocellkorea.com"
"1","no-ip.net"
"1","ibaby.tw"
"1","groupjiuyuan.com"
"1","netapp.com"
"1","cc-material.com"
"1","breadico.com"
"1","aaaaubu.es"
"1","tu-graz.ac.at"
"1","cnwellhome.com"
"1","fjyytape.com"
"1","bluebonnetequine.org"
"1","albatrossmaine.com"
"1","quidditchcup.com"
"1","mariagoos.nl"
"1","iqtradingwiki.com"
"1","newalutech.com"
"1","usemicool.com"
"1","spacearcade.us"
"1","luoxiangalu.com"
"1","xxut.ru"
"1","orica.com"
"1","jotform.com"
"1","wundi.net"
"1","metropolys.net"
"1","agasaro.rw"
"1","varunmultimedia.org"
"1",
"1","larrysicemachineparts.com"
"1","zaribanks.com"
"1","rt-ultrasound.com"
"1","lexus.com"
"1","antpackaging.com"
"1","plattsys.com"
"1","ninjacart.com"
"1","angelfire.com"
"1","hostofinder.ch"
"1","shirleyya.com"
"1","neqabty.com"
"1","compassemergencyphysicians.com"
"1","buymakorea.com"
"1","kwenergytech.com"
"1","ramina.ru"
"1","singlepassinkjetprinter.com"
"1","senyastudio.com"
"1","ricskorea.com"
"1","karibumedia.rw"
"1","parlement.com"
"1","voanews.com"
"1","kandrfarm.com"
"1","mytastefog.com"
"1","sorrelandryemerc.com"
"1","healthvenddistribution.com"
"1","krypton-fitness.com"
"1","israquarium.co.il"
"1","arexe-tech.com"
"1","hotfxblog.com"
"1","surftide.co.uk"
"1","kwikwire.net"
"1","eltambo-cauca.gov.co"
"1","binaritrading.com"
"1","acrefly.com"
"1","akeeva.co"
"1","instantcheckspy.com"
"1","hopesunoptical.com"
"1","tehnovolna.ru"
"1","stonewallrange.com"
"1","sinsmarts.com"
"1","bayer.tw"
"1","openeyemedia.com"
"1","simplesample.com.au"
"1","go-eki-css.com"
"1","zerezo.com"
"1","bensonmaremmas.com"
"1","cinekorea.de"
"1","cimitarra-santander.gov.co"
"1","outsite.co"
"1","tarpaulinsco.uk"
"1","pressmania.pl"
"1","filsouf.com"
"1","demeichemicals.com"
"1","stevesoutdoorsports.com"
"1","ketbaker.com.au"
"1","huashaprefabhouse.com"
"1","kokoroteionline.com"
"1","trends.com.cy"
"1","innovatelocker.com"
"1","colettefu.com"
"1","extensiontotal.com"
"1","kandykanelane.com"
"1","zsqeelin.com"
"1","mofang.tw"
"1","abridged.zone"
"1","gillraunta.shop"
"1","trakai-visit.lt"
"1","64pola.pl"
